{"cameraMode":{"drawMode":0,"name":"Shaded","section":"Shading Mode"},"sceneLighting":true,"audioPlay":false,"sceneViewState":{"m_AlwaysRefresh":false,"showFog":true,"showSkybox":true,"showFlares":true,"showImageEffects":true,"showParticleSystems":true,"showVisualEffectGraphs":true,"m_FxEnabled":true},"in2DMode":false,"pivot":{"x":1.5425779819488526,"y":1.6840518712997437,"z":1.1695809364318848},"rotation":{"x":-0.030890073627233506,"y":0.7676883339881897,"z":-0.037121422588825229,"w":-0.6390326619148254},"size":1.4086840152740479,"orthographic":false}